Workbook
Name SegmentaciónDeDatos_Barrio: #N/A
Name SegmentaciónDeDatos_Categoria: #N/A

Sheet Hoja1
B2: Categoria | C2: Sub Categoria | D2: Nombre | E2: Localidad | F2: Barrio | G2: Video | H2: Direccion | I2: Link Mapa | J2: Direccion Geo (Power BI) | K2: Visitada | L2: Comentarios
B3: Bodegon | C3: Bodegon | D3: Casa Cuba | E3: CABA | F3: Belgrano | G3: https://www.instagram.com/p/Dcrl0znt4_u/ | H3: Cuba 1877 | I3: https://www.google.com/maps/search/?api=1&query=Casa%20Cuba%2C%20Cuba%201877%2C%20Belgrano%2C%20CABA%2C%20Argentina | J3: Cuba 1877, Belgrano, Ciudad Autonoma de Buenos Aires, Argentina
B4: Bodegon | C4: Bodegon | D4: Burdo | E4: CABA | F4: Colegiales | G4: https://www.instagram.com/p/DccKNw2OHoY/ | H4: Delgado 1199 | I4: https://www.google.com/maps/search/?api=1&query=Burdo%2C%20Delgado%201199%2C%20Colegiales%2C%20CABA%2C%20Argentina | J4: Delgado 1199, Colegiales, Ciudad Autonoma de Buenos Aires, Argentina
B5: Bodegon | C5: Bodegon | D5: La Escuela | E5: CABA | F5: Saavedra | G5: https://www.instagram.com/p/DcJLAs7NTN7/ | H5: Manuela Pedraza 2803 | I5: https://www.google.com/maps/search/?api=1&query=La%20Escuela%2C%20Manuela%20Pedraza%202803%2C%20Saavedra%2C%20CABA%2C%20Argentina | J5: Manuela Pedraza 2803, Saavedra, Ciudad Autonoma de Buenos Aires, Argentina
B6: Bodegon | C6: Bodegon | D6: Cantina Mandia | E6: CABA | F6: Colegiales | G6: https://www.instagram.com/p/DcCPkO3TdK4/ | H6: Zapiola 1218 | I6: https://www.google.com/maps/search/?api=1&query=Cantina%20Mandia%2C%20Zapiola%201218%2C%20Colegiales%2C%20CABA%2C%20Argentina | J6: Zapiola 1218, Colegiales, Ciudad Autonoma de Buenos Aires, Argentina
B7: Bodegon | C7: Bodegon | D7: Somos Asado | E7: CABA | F7: Villa Crespo | G7: https://www.instagram.com/p/Db_vglEp-xj/ | H7: Av. Scalabrini Ortiz 651 | I7: https://www.google.com/maps/search/?api=1&query=Somos%20Asado%2C%20Av.%20Scalabrini%20Ortiz%20651%2C%20Villa%20Crespo%2C%20CABA%2C%20Argentina | J7: Av. Scalabrini Ortiz 651, Villa Crespo, Ciudad Autonoma de Buenos Aires, Argentina
B8: Bodegon | C8: Bodegon | D8: Laserio Cantina | E8: CABA | F8: Devoto | G8: https://www.instagram.com/p/DbrOs5xOxDc/ | H8: Mosconi 3906 | I8: https://www.google.com/maps/search/?api=1&query=Laserio%20Cantina%2C%20Mosconi%203906%2C%20Devoto%2C%20CABA%2C%20Argentina | J8: Mosconi 3906, Devoto, Ciudad Autonoma de Buenos Aires, Argentina
B9: Bodegon | C9: Bodegon | D9: Tinte Atelier de pasta | E9: CABA | F9: Villa Crespo | G9: https://www.instagram.com/p/DatqytBxIVR/ | H9: Castillo 997 | I9: https://www.google.com/maps/search/?api=1&query=Tinte%20Atelier%20de%20pasta%2C%20Castillo%20997%2C%20Villa%20Crespo%2C%20CABA%2C%20Argentina | J9: Castillo 997, Villa Crespo, Ciudad Autonoma de Buenos Aires, Argentina
B10: Bodegon | C10: Bodegon | D10: Rioba | E10: CABA | F10: Palermo | G10: https://www.instagram.com/p/DaRWCBzRStd/ | H10: Costa Rica 4588 | I10: https://www.google.com/maps/search/?api=1&query=Rioba%2C%20Costa%20Rica%204588%2C%20Palermo%2C%20CABA%2C%20Argentina | J10: Costa Rica 4588, Palermo, Ciudad Autonoma de Buenos Aires, Argentina
B11: Bodegon | C11: Bodegon | D11: Ovidio | E11: CABA | F11: Belgrano | G11: https://www.instagram.com/p/DYnaFAQPTBO/ | H11: Jose Hernandez 2345 | I11: https://www.google.com/maps/search/?api=1&query=Ovidio%2C%20Jose%20Hernandez%202345%2C%20Belgrano%2C%20CABA%2C%20Argentina | J11: Jose Hernandez 2345, Belgrano, Ciudad Autonoma de Buenos Aires, Argentina
B12: Bodegon | C12: Bodegon | D12: Rondinella | E12: CABA | F12: Chacarita | G12: https://www.instagram.com/p/DGLib_9Rou4/ | H12: Av. Alvarez thomas 12 | I12: https://www.google.com/maps/search/?api=1&query=Rondinella%2C%20Av.%20Alvarez%20thomas%2012%2C%20Chacarita%2C%20CABA%2C%20Argentina | J12: Av. Alvarez thomas 12, Chacarita, Ciudad Autonoma de Buenos Aires, Argentina
B13: Bodegon | C13: Bodegon | D13: GEVP | E13: CABA | F13: Villa del Parque | G13: https://www.instagram.com/reel/DTStg6GjYtH/ | H13: Tinogaste 3455 | I13: https://www.google.com/maps/search/?api=1&query=GEVP%2C%20Tinogaste%203455%2C%20Villa%20del%20Parque%2C%20CABA%2C%20Argentina | J13: Tinogaste 3455, Villa del Parque, Ciudad Autonoma de Buenos Aires, Argentina
B14: Bodegon | C14: Bodegon | D14: La Tia Ñata | E14: GBA | F14: Tigre | G14: https://www.instagram.com/p/DYKu3q0T0Rj/ | H14: Las Heras 1318, Dique Lujan | I14: https://www.google.com/maps/search/?api=1&query=La%20Tia%20%C3%91ata%2C%20Las%20Heras%201318%2C%20Dique%20Lujan%2C%20Tigre%2C%20Provincia%20de%20Buenos%20Aires%2C%20Argentina | J14: Las Heras 1318, Dique Lujan, Tigre, Provincia de Buenos Aires, Argentina
... B17: Bodegon | C17: Bodegon | D17: The New Brighton | E17: CABA | F17: Retiro | G17: https://www.instagram.com/p/DWXIT32xDqx/ | H17: Sarmiento 645 | I17: https://www.google.com/maps/search/?api=1&query=The%20New%20Brighton%2C%20Sarmiento%20645%2C%20Retiro%2C%20CABA%2C%20Argentina | J17: Sarmiento 645, Retiro, Ciudad Autonoma de Buenos Aires, Argentina
A18: Español | B18: Bodegon | C18: Bodegon | D18: Lalin | E18: CABA | F18: Monserrat | G18: https://www.instagram.com/p/DWVAqVoRcgP/ | H18: Moreno 1949 | I18: https://www.google.com/maps/search/?api=1&query=Lalin%2C%20Moreno%201949%2C%20Monserrat%2C%20CABA%2C%20Argentina | J18: Moreno 1949, Monserrat, Ciudad Autonoma de Buenos Aires, Argentina
B19: Bodegon | C19: Bodegon | D19: Casa Albardon | E19: GBA | F19: Tigre | G19: https://www.instagram.com/p/DV3sSQijbB6/ | H19: Luis Pereyra 2 | I19: https://www.google.com/maps/search/?api=1&query=Casa%20Albardon%2C%20Luis%20Pereyra%202%2C%20Tigre%2C%20Provincia%20de%20Buenos%20Aires%2C%20Argentina | J19: Luis Pereyra 2, Tigre, Provincia de Buenos Aires, Argentina
B20: Bodegon | C20: Bodegon | D20: El bodegon de Benito | E20: CABA | F20: Villa Crespo | G20: https://www.instagram.com/p/DVb0DUriR7s/ | H20: Antezana 340 | I20: https://www.google.com/maps/search/?api=1&query=El%20bodegon%20de%20Benito%2C%20Antezana%20340%2C%20Villa%20Crespo%2C%20CABA%2C%20Argentina | J20: Antezana 340, Villa Crespo, Ciudad Autonoma de Buenos Aires, Argentina
B21: Bodegon | C21: Bodegon | D21: El Desubicado | E21: GBA | F21: Vicente Lopez | G21: https://www.instagram.com/p/DVjxqKelNqx/ | H21: Av. Del Libertador 1031 | I21: https://www.google.com/maps/search/?api=1&query=El%20Desubicado%2C%20Av.%20Del%20Libertador%201031%2C%20Vicente%20Lopez%2C%20Provincia%20de%20Buenos%20Aires%2C%20Argentina | J21: Av. Del Libertador 1031, Vicente Lopez, Provincia de Buenos Aires, Argentina
B22: Bodegon | C22: Bodegon | D22: Club Bar Bodegon (club 25 de mayo) | E22: GBA | F22: Martinez | G22: https://www.instagram.com/p/DVTYCWHDVWU/ | H22: Rodriguez Peña 941 | I22: https://www.google.com/maps/search/?api=1&query=Club%20Bar%20Bodegon%20%28club%2025%20de%20mayo%29%2C%20Rodriguez%20Pe%C3%B1a%20941%2C%20Martinez%2C%20Provincia%20de%20Buenos%20Aires%2C%20Argentina | J22: Rodriguez Peña 941, Martinez, Provincia de Buenos Aires, Argentina
B23: Bodegon | C23: Bodegon | D23: Bodegon Colegiales | E23: CABA | F23: Colegiales | G23: https://www.instagram.com/p/DULTE5EjbNf/ | H23: Virrey Loreto 3520 | I23: https://www.google.com/maps/search/?api=1&query=Bodegon%20Colegiales%2C%20Virrey%20Loreto%203520%2C%20Colegiales%2C%20CABA%2C%20Argentina | J23: Virrey Loreto 3520, Colegiales, Ciudad Autonoma de Buenos Aires, Argentina
B24: Bodegon | C24: Bodegon | D24: Entre Amigos | E24: CABA | F24: Villa Luro | G24: https://www.instagram.com/p/DRpVXwxgNbt/ | H24: Av. Juan B. Justo 8394 | I24: https://www.google.com/maps/search/?api=1&query=Entre%20Amigos%2C%20Av.%20Juan%20B.%20Justo%208394%2C%20Villa%20Luro%2C%20CABA%2C%20Argentina | J24: Av. Juan B. Justo 8394, Villa Luro, Ciudad Autonoma de Buenos Aires, Argentina
B25: Bodegon | C25: Bodegon | D25: La fonda de Artigas | E25: CABA | F25: Agronomia | G25: https://www.instagram.com/p/DUg6SHhDzvB/ | H25: Navarro 2544 | I25: https://www.google.com/maps/search/?api=1&query=La%20fonda%20de%20Artigas%2C%20Navarro%202544%2C%20Agronomia%2C%20CABA%2C%20Argentina | J25: Navarro 2544, Agronomia, Ciudad Autonoma de Buenos Aires, Argentina
B26: Bodegon | C26: Bodegon | D26: La amistad Resto | E26: CABA | F26: Palermo | G26: https://www.instagram.com/p/DUV9JQBknPl/ | H26: Juncal 4500 | I26: https://www.google.com/maps/search/?api=1&query=La%20amistad%20Resto%2C%20Juncal%204500%2C%20Palermo%2C%20CABA%2C%20Argentina | J26: Juncal 4500, Palermo, Ciudad Autonoma de Buenos Aires, Argentina
A27: Pescado | B27: Bodegon | C27: Bodegon | D27: La Pesceria | E27: CABA | F27: Palermo | G27: https://www.instagram.com/p/DTbsnJgkahU/ | H27: Coronel Diaz 1651 | I27: https://www.google.com/maps/search/?api=1&query=La%20Pesceria%2C%20Coronel%20Diaz%201651%2C%20Palermo%2C%20CABA%2C%20Argentina | J27: Coronel Diaz 1651, Palermo, Ciudad Autonoma de Buenos Aires, Argentina
A28: pastas | B28: Bodegon | C28: Bodegon | D28: Pepe Di Roma | E28: CABA | F28: Devoto | G28: https://www.instagram.com/p/DRxqPpRDjRB/ | H28: Av. Francisco Beiró 3701 | I28: https://www.google.com/maps/search/?api=1&query=Pepe%20Di%20Roma%2C%20Av.%20Francisco%20Beir%C3%B3%203701%2C%20Devoto%2C%20CABA%2C%20Argentina | J28: Av. Francisco Beiró 3701, Devoto, Ciudad Autonoma de Buenos Aires, Argentina
B29: Bodegon | C29: Bodegon | D29: Cantina Chichilo | E29: CABA | F29: Paternal | G29: https://www.instagram.com/p/DR0gXNhDpAL/ | H29: Camarones 1901 | I29: https://www.google.com/maps/search/?api=1&query=Cantina%20Chichilo%2C%20Camarones%201901%2C%20Paternal%2C%20CABA%2C%20Argentina | J29: Camarones 1901, Paternal, Ciudad Autonoma de Buenos Aires, Argentina
B30: Bodegon | C30: Bodegon | D30: Brodo Cantina (club Rodrigue Peña) | E30: GBA | F30: Martinez | G30: https://www.instagram.com/p/DP7StRkktcv/ | H30: Pasaje Murillo 2481 | I30: https://www.google.com/maps/search/?api=1&query=Brodo%20Cantina%20%28club%20Rodrigue%20Pe%C3%B1a%29%2C%20Pasaje%20Murillo%202481%2C%20Martinez%2C%20Provincia%20de%20Buenos%20Aires%2C%20Argentina | J30: Pasaje Murillo 2481, Martinez, Provincia de Buenos Aires, Argentina
B31: Bodegon | C31: Bodegon | D31: El Tokio | E31: CABA | F31: Villa Santa Rita | G31: https://www.instagram.com/p/DRZjERQkXk6/ | H31: Av. Alvarez Jonte 3548 | I31: https://www.google.com/maps/search/?api=1&query=El%20Tokio%2C%20Av.%20Alvarez%20Jonte%203548%2C%20Villa%20Santa%20Rita%2C%20CABA%2C%20Argentina | J31: Av. Alvarez Jonte 3548, Villa Santa Rita, Ciudad Autonoma de Buenos Aires, Argentina
B32: Bodegon | C32: Bodegon | D32: Cantina Sanabria | E32: CABA | F32: Devoto | G32: https://www.instagram.com/p/DQhCcdykZqx/ | H32: Sanabria 4589 | I32: https://www.google.com/maps/search/?api=1&query=Cantina%20Sanabria%2C%20Sanabria%204589%2C%20Devoto%2C%20CABA%2C%20Argentina | J32: Sanabria 4589, Devoto, Ciudad Autonoma de Buenos Aires, Argentina
B33: Bodegon | C33: Bodegon | D33: Babieca | E33: CABA | F33: Centro | G33: https://www.instagram.com/p/DQF6AvUEn5N/ | H33: Av. Santa Fe 1898 | I33: https://www.google.com/maps/search/?api=1&query=Babieca%2C%20Av.%20Santa%20Fe%201898%2C%20Centro%2C%20CABA%2C%20Argentina | J33: Av. Santa Fe 1898, Centro, Ciudad Autonoma de Buenos Aires, Argentina
B34: Bodegon | C34: Bodegon | D34: Buona Mangiata | E34: CABA | F34: Villa Crespo | G34: https://www.instagram.com/p/DPM0cxRAXGA/ | H34: Av. Scalabrini Ortiz 802 | I34: https://www.google.com/maps/search/?api=1&query=Buona%20Mangiata%2C%20Av.%20Scalabrini%20Ortiz%20802%2C%20Villa%20Crespo%2C%20CABA%2C%20Argentina | J34: Av. Scalabrini Ortiz 802, Villa Crespo, Ciudad Autonoma de Buenos Aires, Argentina
B35: Bodegon | C35: Bodegon | D35: Viejo Norton | E35: GBA | F35: Vicente Lopez | G35: https://www.instagram.com/p/DPzkFnTEbGl/ | H35: Miguel de Azcuenaga 900 | I35: https://www.google.com/maps/search/?api=1&query=Viejo%20Norton%2C%20Miguel%20de%20Azcuenaga%20900%2C%20Vicente%20Lopez%2C%20Provincia%20de%20Buenos%20Aires%2C%20Argentina | J35: Miguel de Azcuenaga 900, Vicente Lopez, Provincia de Buenos Aires, Argentina
B36: Bodegon | C36: Bodegon | D36: Lo de Bette | E36: CABA | F36: Palermo | G36: https://www.instagram.com/p/DOjpj0jkpw0/ | H36: Uriarte 1602 | I36: https://www.google.com/maps/search/?api=1&query=Lo%20de%20Bette%2C%20Uriarte%201602%2C%20Palermo%2C%20CABA%2C%20Argentina | J36: Uriarte 1602, Palermo, Ciudad Autonoma de Buenos Aires, Argentina
B37: Bodegon | C37: Bodegon | D37: Fraga Bodegon | E37: CABA | F37: Chacarita | G37: https://www.instagram.com/p/DOzKQDqjnI-/ | H37: Av. Dorrego 1194 | I37: https://www.google.com/maps/search/?api=1&query=Fraga%20Bodegon%2C%20Av.%20Dorrego%201194%2C%20Chacarita%2C%20CABA%2C%20Argentina | J37: Av. Dorrego 1194, Chacarita, Ciudad Autonoma de Buenos Aires, Argentina
B38: Bodegon | C38: Bodegon | D38: Bar La Querencia | E38: CABA | F38: Belgrano | G38: https://www.instagram.com/p/DOQ3qFnjeUc/ | H38: Palpa 2383 | I38: https://www.google.com/maps/search/?api=1&query=Bar%20La%20Querencia%2C%20Palpa%202383%2C%20Belgrano%2C%20CABA%2C%20Argentina | J38: Palpa 2383, Belgrano, Ciudad Autonoma de Buenos Aires, Argentina
B39: Bodegon | C39: Bodegon | D39: La Cantina del Gato | E39: GBA | F39: Vicente Lopez | G39: https://www.instagram.com/p/DMJR7l-yLjm/ | H39: Av. Avalos 4205 | I39: https://www.google.com/maps/search/?api=1&query=La%20Cantina%20del%20Gato%2C%20Av.%20Avalos%204205%2C%20Vicente%20Lopez%2C%20Provincia%20de%20Buenos%20Aires%2C%20Argentina | J39: Av. Avalos 4205, Vicente Lopez, Provincia de Buenos Aires, Argentina
B40: Bodegon | C40: Bodegon | D40: La Sarita | E40: GBA | F40: Florida | G40: https://www.instagram.com/p/DNMUmVdOdRQ/ | H40: España 506 | I40: https://www.google.com/maps/search/?api=1&query=La%20Sarita%2C%20Espa%C3%B1a%20506%2C%20Florida%2C%20Provincia%20de%20Buenos%20Aires%2C%20Argentina | J40: España 506, Florida, Provincia de Buenos Aires, Argentina
... B49: Bodegon | C49: Bodegon | D49: Club Montañez | E49: CABA | F49: Colegiales | G49: https://www.instagram.com/p/CtFdjgkux4S/ | H49: Jorge Newbery 1828 | I49: https://www.google.com/maps/search/?api=1&query=Club%20Monta%C3%B1ez%2C%20Jorge%20Newbery%201828%2C%20Colegiales%2C%20CABA%2C%20Argentina | J49: Jorge Newbery 1828, Colegiales, Ciudad Autonoma de Buenos Aires, Argentina
B50: Bodegon | C50: Bodegon | D50: 1810 | E50: CABA | F50: Belgrano | G50: https://www.instagram.com/p/CsmxixBNmkx/ | H50: Mendeza 2320 | I50: https://www.google.com/maps/search/?api=1&query=1810%2C%20Mendeza%202320%2C%20Belgrano%2C%20CABA%2C%20Argentina | J50: Mendeza 2320, Belgrano, Ciudad Autonoma de Buenos Aires, Argentina
B51: Bodegon | C51: Bodegon | D51: La Ochavita | E51: CABA | F51: Mataderos | G51: https://www.instagram.com/p/DFknojZOTy2/ | H51: Pieres 1399 | I51: https://www.google.com/maps/search/?api=1&query=La%20Ochavita%2C%20Pieres%201399%2C%20Mataderos%2C%20CABA%2C%20Argentina | J51: Pieres 1399, Mataderos, Ciudad Autonoma de Buenos Aires, Argentina
B52: Bodegon | C52: Bodegon | D52: Vicente | E52: CABA | F52: Coghlan | G52: https://www.instagram.com/p/CptQhKavjEZ/ | H52: Pedro Ignacio Rivera 3801 | I52: https://www.google.com/maps/search/?api=1&query=Vicente%2C%20Pedro%20Ignacio%20Rivera%203801%2C%20Coghlan%2C%20CABA%2C%20Argentina | J52: Pedro Ignacio Rivera 3801, Coghlan, Ciudad Autonoma de Buenos Aires, Argentina
B53: Bodegon | C53: Bodegon | D53: La Segunda | E53: CABA | F53: Villa del Parque | G53: https://www.instagram.com/p/DEvrDuxSbXp/ | H53: Pedro Lozano 3700 | I53: https://www.google.com/maps/search/?api=1&query=La%20Segunda%2C%20Pedro%20Lozano%203700%2C%20Villa%20del%20Parque%2C%20CABA%2C%20Argentina | J53: Pedro Lozano 3700, Villa del Parque, Ciudad Autonoma de Buenos Aires, Argentina
A54: Pescado | B54: Bodegon | C54: Bodegon | D54: Don Jose Marisqueria | E54: GBA | F54: Martinez | G54: https://www.instagram.com/p/C_yiLn_yHmg/ | H54: Alvear 423 | I54: https://www.google.com/maps/search/?api=1&query=Don%20Jose%20Marisqueria%2C%20Alvear%20423%2C%20Martinez%2C%20Provincia%20de%20Buenos%20Aires%2C%20Argentina | J54: Alvear 423, Martinez, Provincia de Buenos Aires, Argentina
A55: Austriaco | B55: Bodegon | C55: Bodegon | D55: Austria | E55: GBA | F55: San Isidro | G55: https://www.instagram.com/p/ClSAGscJp_T/ | H55: Roque Saenz Peña 1138 | I55: https://www.google.com/maps/search/?api=1&query=Austria%2C%20Roque%20Saenz%20Pe%C3%B1a%201138%2C%20San%20Isidro%2C%20Provincia%20de%20Buenos%20Aires%2C%20Argentina | J55: Roque Saenz Peña 1138, San Isidro, Provincia de Buenos Aires, Argentina
B56: Bodegon | C56: Bodegon | D56: La Taberna de Roberto | E56: CABA | F56: Parque Patricios | G56: https://www.instagram.com/p/CmcoqLUrYpC/ | H56: Sanchez de Loria 2110 | I56: https://www.google.com/maps/search/?api=1&query=La%20Taberna%20de%20Roberto%2C%20Sanchez%20de%20Loria%202110%2C%20Parque%20Patricios%2C%20CABA%2C%20Argentina | J56: Sanchez de Loria 2110, Parque Patricios, Ciudad Autonoma de Buenos Aires, Argentina
B57: Bodegon | C57: Bodegon | D57: El Café de Marco | E57: CABA | F57: Centro | G57: https://www.instagram.com/p/CkeXdlGDMF4/ | H57: Tte. Gral. Juan Domingo Peron 1259 | I57: https://www.google.com/maps/search/?api=1&query=El%20Caf%C3%A9%20de%20Marco%2C%20Tte.%20Gral.%20Juan%20Domingo%20Peron%201259%2C%20Centro%2C%20CABA%2C%20Argentina | J57: Tte. Gral. Juan Domingo Peron 1259, Centro, Ciudad Autonoma de Buenos Aires, Argentina
B58: Bodegon | C58: Bodegon | D58: A Raja Cincha | E58: CABA | F58: Floresta | G58: https://www.instagram.com/p/CgAiKAJAeyL/ | H58: Cuenca 1299 | I58: https://www.google.com/maps/search/?api=1&query=A%20Raja%20Cincha%2C%20Cuenca%201299%2C%20Floresta%2C%20CABA%2C%20Argentina | J58: Cuenca 1299, Floresta, Ciudad Autonoma de Buenos Aires, Argentina
B59: Bodegon | C59: Bodegon | D59: La Esquina del Virrey | E59: CABA | F59: Colegiales | G59: https://www.instagram.com/p/DDUbAmvRRCX/ | H59: Virrey Loreto 3400 | I59: https://www.google.com/maps/search/?api=1&query=La%20Esquina%20del%20Virrey%2C%20Virrey%20Loreto%203400%2C%20Colegiales%2C%20CABA%2C%20Argentina | J59: Virrey Loreto 3400, Colegiales, Ciudad Autonoma de Buenos Aires, Argentina
A60: Parrilla | B60: Bodegon | C60: Bodegon | D60: El Brete | E60: CABA | F60: Devoto | G60: https://www.instagram.com/p/DDQR6DYyLd0/ | H60: Av. San Martin 6080 | I60: https://www.google.com/maps/search/?api=1&query=El%20Brete%2C%20Av.%20San%20Martin%206080%2C%20Devoto%2C%20CABA%2C%20Argentina | J60: Av. San Martin 6080, Devoto, Ciudad Autonoma de Buenos Aires, Argentina
B61: Bodegon | C61: Bodegon | D61: Roque | E61: CABA | F61: Boedo | G61: https://www.instagram.com/p/ChIvT-jFc7i/ | H61: Inclan 3999 | I61: https://www.google.com/maps/search/?api=1&query=Roque%2C%20Inclan%203999%2C%20Boedo%2C%20CABA%2C%20Argentina | J61: Inclan 3999, Boedo, Ciudad Autonoma de Buenos Aires, Argentina
B62: Bodegon | C62: Bodegon | D62: Napoles | E62: CABA | F62: San Telmo | G62: https://www.instagram.com/p/CgaWAhPDWIS/ | H62: Av. Caseros 449 | I62: https://www.google.com/maps/search/?api=1&query=Napoles%2C%20Av.%20Caseros%20449%2C%20San%20Telmo%2C%20CABA%2C%20Argentina | J62: Av. Caseros 449, San Telmo, Ciudad Autonoma de Buenos Aires, Argentina
B63: Bodegon | C63: Bodegon | D63: El Corralon | E63: CABA | F63: Balvanera | G63: https://www.instagram.com/p/CfpdtVfFXk3/ | H63: Anchorena 883 | I63: https://www.google.com/maps/search/?api=1&query=El%20Corralon%2C%20Anchorena%20883%2C%20Balvanera%2C%20CABA%2C%20Argentina | J63: Anchorena 883, Balvanera, Ciudad Autonoma de Buenos Aires, Argentina
B64: Bodegon | C64: Bodegon | D64: Los Bohemios | E64: CABA | F64: Villa Crespo | G64: https://www.instagram.com/p/Ceo6Vtcji9x/ | H64: Humboldt 540 | I64: https://www.google.com/maps/search/?api=1&query=Los%20Bohemios%2C%20Humboldt%20540%2C%20Villa%20Crespo%2C%20CABA%2C%20Argentina | J64: Humboldt 540, Villa Crespo, Ciudad Autonoma de Buenos Aires, Argentina
B65: Bodegon | C65: Bodegon | D65: Totalmente Tano | E65: CABA | F65: Villa Crespo | G65: https://www.instagram.com/p/Ce9lOTnl1Ap/ | H65: Aguirre 465 | I65: https://www.google.com/maps/search/?api=1&query=Totalmente%20Tano%2C%20Aguirre%20465%2C%20Villa%20Crespo%2C%20CABA%2C%20Argentina | J65: Aguirre 465, Villa Crespo, Ciudad Autonoma de Buenos Aires, Argentina
A66: Español | B66: Bodegon | C66: Bodegon | D66: La Torca | E66: CABA | F66: Palermo | G66: https://www.instagram.com/p/CeKIca8gy6c/ | H66: Costa Rica 4001 | I66: https://www.google.com/maps/search/?api=1&query=La%20Torca%2C%20Costa%20Rica%204001%2C%20Palermo%2C%20CABA%2C%20Argentina | J66: Costa Rica 4001, Palermo, Ciudad Autonoma de Buenos Aires, Argentina
B67: Bodegon | C67: Bodegon | D67: Don Ignacio | E67: CABA | F67: Almagro | G67: https://www.instagram.com/p/Cd4Eorlraf_/ | H67: Av. Rivadavia 3439 | I67: https://www.google.com/maps/search/?api=1&query=Don%20Ignacio%2C%20Av.%20Rivadavia%203439%2C%20Almagro%2C%20CABA%2C%20Argentina | J67: Av. Rivadavia 3439, Almagro, Ciudad Autonoma de Buenos Aires, Argentina
B68: Bodegon | C68: Bodegon | D68: El Imparcial | E68: CABA | F68: Monserrat | G68: https://www.instagram.com/p/CeEi43tFW8d/ | H68: ipolito Yrigoyen 1201 | I68: https://www.google.com/maps/search/?api=1&query=El%20Imparcial%2C%20ipolito%20Yrigoyen%201201%2C%20Monserrat%2C%20CABA%2C%20Argentina | J68: ipolito Yrigoyen 1201, Monserrat, Ciudad Autonoma de Buenos Aires, Argentina
B69: Bodegon | C69: Bodegon | D69: Albamonte | E69: CABA | F69: Chacarita | G69: https://www.instagram.com/p/Cd6tAFPlA4h/ | H69: Av. Corrientes 6735 | I69: https://www.google.com/maps/search/?api=1&query=Albamonte%2C%20Av.%20Corrientes%206735%2C%20Chacarita%2C%20CABA%2C%20Argentina | J69: Av. Corrientes 6735, Chacarita, Ciudad Autonoma de Buenos Aires, Argentina
A70: Español | B70: Bodegon | C70: Bodegon | D70: Restaurante Español | E70: CABA | F70: Centro | G70: https://www.instagram.com/p/CeCo7VSs-2D/?img_index=1 | H70: Bernardo de Irigoyen 172 | I70: https://www.google.com/maps/search/?api=1&query=Restaurante%20Espa%C3%B1ol%2C%20Bernardo%20de%20Irigoyen%20172%2C%20Centro%2C%20CABA%2C%20Argentina | J70: Bernardo de Irigoyen 172, Centro, Ciudad Autonoma de Buenos Aires, Argentina
B71: Bodegon | C71: Bodegon | D71: Turf | E71: CABA | F71: Boedo | G71: https://www.instagram.com/p/CcOmnvVFWIE/ | H71: Inclan 3802 | I71: https://www.google.com/maps/search/?api=1&query=Turf%2C%20Inclan%203802%2C%20Boedo%2C%20CABA%2C%20Argentina | J71: Inclan 3802, Boedo, Ciudad Autonoma de Buenos Aires, Argentina
B72: Bodegon | C72: Bodegon | D72: Doña Cocina | E72: CABA | F72: Almagro | G72: https://www.instagram.com/p/Cb8jpiYlU1o/ | H72: Bulnes 802 | I72: https://www.google.com/maps/search/?api=1&query=Do%C3%B1a%20Cocina%2C%20Bulnes%20802%2C%20Almagro%2C%20CABA%2C%20Argentina | J72: Bulnes 802, Almagro, Ciudad Autonoma de Buenos Aires, Argentina
B73: Bodegon | C73: Bodegon | D73: Club Chacabuco | E73: CABA | F73: Parque Chacabuco | G73: https://www.instagram.com/p/CbQtaiTFdEZ/ | H73: Miro 720 | I73: https://www.google.com/maps/search/?api=1&query=Club%20Chacabuco%2C%20Miro%20720%2C%20Parque%20Chacabuco%2C%20CABA%2C%20Argentina | J73: Miro 720, Parque Chacabuco, Ciudad Autonoma de Buenos Aires, Argentina
B74: Bodegon | C74: Bodegon | D74: Ahora | E74: CABA | F74: Nuñez | G74: https://www.instagram.com/p/DC2i9iaJvUp/ | H74: Nuñez 3802 | I74: https://www.google.com/maps/search/?api=1&query=Ahora%2C%20Nu%C3%B1ez%203802%2C%20Nu%C3%B1ez%2C%20CABA%2C%20Argentina | J74: Nuñez 3802, Nuñez, Ciudad Autonoma de Buenos Aires, Argentina
B75: Bodegon | C75: Bodegon | D75: Abuela 22 | E75: CABA | F75: Palermo | G75: https://www.instagram.com/p/DDF8yCPhth_/ | H75: Darregueyra 2218 | I75: https://www.google.com/maps/search/?api=1&query=Abuela%2022%2C%20Darregueyra%202218%2C%20Palermo%2C%20CABA%2C%20Argentina | J75: Darregueyra 2218, Palermo, Ciudad Autonoma de Buenos Aires, Argentina
B76: Bodegon | C76: Bodegon | D76: El Tabano | E76: CABA | F76: Coghlan | G76: https://www.instagram.com/p/DDCZgRXOoBf/ | H76: Romulo Naon 3029 | I76: https://www.google.com/maps/search/?api=1&query=El%20Tabano%2C%20Romulo%20Naon%203029%2C%20Coghlan%2C%20CABA%2C%20Argentina | J76: Romulo Naon 3029, Coghlan, Ciudad Autonoma de Buenos Aires, Argentina
B77: Bodegon | C77: Bodegon | D77: La Cocina de Batatas | E77: CABA | F77: Floresta | G77: https://www.instagram.com/p/C_of-YNyJpw/ | H77: Av. Gaona 4438 | I77: https://www.google.com/maps/search/?api=1&query=La%20Cocina%20de%20Batatas%2C%20Av.%20Gaona%204438%2C%20Floresta%2C%20CABA%2C%20Argentina | J77: Av. Gaona 4438, Floresta, Ciudad Autonoma de Buenos Aires, Argentina
B78: Bodegon | C78: Bodegon | D78: El Banderin | E78: CABA | F78: Almagro | G78: https://www.instagram.com/p/DBEOd-0OD_Z/ | H78: Guardia Vieja 3601 | I78: https://www.google.com/maps/search/?api=1&query=El%20Banderin%2C%20Guardia%20Vieja%203601%2C%20Almagro%2C%20CABA%2C%20Argentina | J78: Guardia Vieja 3601, Almagro, Ciudad Autonoma de Buenos Aires, Argentina
B79: Bodegon | C79: Bodegon | D79: El Meson de Guadalupe | E79: CABA | F79: Agronomia | G79: https://www.instagram.com/p/DAyNYhzv5U5/ | H79: Av. Francisco Beiró 3019 | I79: https://www.google.com/maps/search/?api=1&query=El%20Meson%20de%20Guadalupe%2C%20Av.%20Francisco%20Beir%C3%B3%203019%2C%20Agronomia%2C%20CABA%2C%20Argentina | J79: Av. Francisco Beiró 3019, Agronomia, Ciudad Autonoma de Buenos Aires, Argentina
B80: Bodegon | C80: Bodegon | D80: El Puentecito | E80: CABA | F80: Barracas | G80: https://www.instagram.com/p/DBoRn7XOecs/ | H80: Lujan 2101 | I80: https://www.google.com/maps/search/?api=1&query=El%20Puentecito%2C%20Lujan%202101%2C%20Barracas%2C%20CABA%2C%20Argentina | J80: Lujan 2101, Barracas, Ciudad Autonoma de Buenos Aires, Argentina
B81: Bodegon | C81: Bodegon | D81: La Ricarda | E81: GBA | F81: Vicente Lopez | G81: https://www.instagram.com/p/DBPkya0Jf3Z/ | H81: Av. Maipu 3599 | I81: https://www.google.com/maps/search/?api=1&query=La%20Ricarda%2C%20Av.%20Maipu%203599%2C%20Vicente%20Lopez%2C%20Provincia%20de%20Buenos%20Aires%2C%20Argentina | J81: Av. Maipu 3599, Vicente Lopez, Provincia de Buenos Aires, Argentina
B82: Bodegon | C82: Bodegon | D82: Adelmo | E82: GBA | F82: San Isidro | G82: https://www.instagram.com/p/DBFK6KqOkBE/ | H82: Av. Dardo Rocha 1734 | I82: https://www.google.com/maps/search/?api=1&query=Adelmo%2C%20Av.%20Dardo%20Rocha%201734%2C%20San%20Isidro%2C%20Provincia%20de%20Buenos%20Aires%2C%20Argentina | J82: Av. Dardo Rocha 1734, San Isidro, Provincia de Buenos Aires, Argentina
... B94: Bodegon | C94: Bodegon | D94: Comer | E94: GBA | F94: Quilmes | G94: https://www.instagram.com/p/C-vqeKuyGJm/ | H94: Aristoblulo del Valle 1490 | I94: https://www.google.com/maps/search/?api=1&query=Comer%2C%20Aristoblulo%20del%20Valle%201490%2C%20Quilmes%2C%20Provincia%20de%20Buenos%20Aires%2C%20Argentina | J94: Aristoblulo del Valle 1490, Quilmes, Provincia de Buenos Aires, Argentina
A95: Probar | B95: Bodegon | C95: Bodegon | D95: Corrales | E95: CABA | F95: Mataderos | G95: https://www.instagram.com/p/C-WLVMfMIT5/ | H95: Av. De los Corrales 6802 | I95: https://www.google.com/maps/search/?api=1&query=Corrales%2C%20Av.%20De%20los%20Corrales%206802%2C%20Mataderos%2C%20CABA%2C%20Argentina | J95: Av. De los Corrales 6802, Mataderos, Ciudad Autonoma de Buenos Aires, Argentina
B96: Bodegon | C96: Bodegon | D96: El Alvear | E96: CABA | F96: Palermo | G96: https://www.instagram.com/p/C-Njhw1MvdD/ | H96: Silvio L. Ruggieri 2736 | I96: https://www.google.com/maps/search/?api=1&query=El%20Alvear%2C%20Silvio%20L.%20Ruggieri%202736%2C%20Palermo%2C%20CABA%2C%20Argentina | J96: Silvio L. Ruggieri 2736, Palermo, Ciudad Autonoma de Buenos Aires, Argentina
B97: Bodegon | C97: Bodegon | D97: Bodegon Parque | E97: CABA | F97: Villa del Parque | G97: https://www.instagram.com/p/C-D9gcmPcz4/ | H97: Marcos Sastre 3258 | I97: https://www.google.com/maps/search/?api=1&query=Bodegon%20Parque%2C%20Marcos%20Sastre%203258%2C%20Villa%20del%20Parque%2C%20CABA%2C%20Argentina | J97: Marcos Sastre 3258, Villa del Parque, Ciudad Autonoma de Buenos Aires, Argentina
B98: Bodegon | C98: Bodegon | D98: Barcelona Asturias | E98: CABA | F98: Palermo | G98: https://www.instagram.com/p/C9ySIF-tqjz/ | H98: Av. Cordoba 5899 | I98: https://www.google.com/maps/search/?api=1&query=Barcelona%20Asturias%2C%20Av.%20Cordoba%205899%2C%20Palermo%2C%20CABA%2C%20Argentina | J98: Av. Cordoba 5899, Palermo, Ciudad Autonoma de Buenos Aires, Argentina
A99: Pastas | B99: Bodegon | C99: Bodegon | D99: Carmen | E99: CABA | F99: Palermo | G99: https://www.instagram.com/p/C9dmmo2MbO_/ | H99: Gurruchaga 1428 | I99: https://www.google.com/maps/search/?api=1&query=Carmen%2C%20Gurruchaga%201428%2C%20Palermo%2C%20CABA%2C%20Argentina | J99: Gurruchaga 1428, Palermo, Ciudad Autonoma de Buenos Aires, Argentina
B100: Bodegon | C100: Bodegon | D100: Don Quique | E100: CABA | F100: Villa Pueyrredon | G100: https://www.instagram.com/p/C9VnynLP7uZ/ | H100: Condarco 4099 | I100: https://www.google.com/maps/search/?api=1&query=Don%20Quique%2C%20Condarco%204099%2C%20Villa%20Pueyrredon%2C%20CABA%2C%20Argentina | J100: Condarco 4099, Villa Pueyrredon, Ciudad Autonoma de Buenos Aires, Argentina
B101: Bodegon | C101: Bodegon | D101: Bodegon Central | E101: GBA | F101: San Martin | G101: https://www.instagram.com/p/C9QikJlywxS/ | H101: Mitre 3467 | I101: https://www.google.com/maps/search/?api=1&query=Bodegon%20Central%2C%20Mitre%203467%2C%20San%20Martin%2C%20Provincia%20de%20Buenos%20Aires%2C%20Argentina | J101: Mitre 3467, San Martin, Provincia de Buenos Aires, Argentina
A102: Escapadas | B102: Escapadas Almuerzo | C102: Escapadas Almuerzo | D102: Un Galpon en los Leones | E102: GBA | F102: Diego Gaynor | G102: https://www.instagram.com/p/C3DaEsvLKzo/ | H102: Diego Gaynor | I102: https://www.google.com/maps/search/?api=1&query=Un%20Galpon%20en%20los%20Leones%2C%20Diego%20Gaynor%2C%20Diego%20Gaynor%2C%20Provincia%20de%20Buenos%20Aires%2C%20Argentina | J102: Diego Gaynor, Diego Gaynor, Provincia de Buenos Aires, Argentina
B103: Bodegon | C103: Bodegon | D103: Vecino | E103: GBA | F103: Olivos | G103: https://www.instagram.com/p/CplqqXRjhAZ/ | H103: Rioja 3053 | I103: https://www.google.com/maps/search/?api=1&query=Vecino%2C%20Rioja%203053%2C%20Olivos%2C%20Provincia%20de%20Buenos%20Aires%2C%20Argentina | J103: Rioja 3053, Olivos, Provincia de Buenos Aires, Argentina
B104: Bodegon | C104: Bodegon | D104: Cantina Nuñez | E104: CABA | F104: Nuñez | G104: https://www.instagram.com/p/C7bvkTYspbU/ | H104: Ugarte 1684 | I104: https://www.google.com/maps/search/?api=1&query=Cantina%20Nu%C3%B1ez%2C%20Ugarte%201684%2C%20Nu%C3%B1ez%2C%20CABA%2C%20Argentina | J104: Ugarte 1684, Nuñez, Ciudad Autonoma de Buenos Aires, Argentina
B105: Bodegon | C105: Bodegon | D105: Cerchio | E105: CABA | F105: Devoto | G105: https://www.instagram.com/p/C7Pq4UwPrYS/ | H105: Pedro Moran 4153 | I105: https://www.google.com/maps/search/?api=1&query=Cerchio%2C%20Pedro%20Moran%204153%2C%20Devoto%2C%20CABA%2C%20Argentina | J105: Pedro Moran 4153, Devoto, Ciudad Autonoma de Buenos Aires, Argentina
B106: Bodegon | C106: Bodegon | D106: De Barrio Bodegon | E106: GBA | F106: San Isidro | G106: https://www.instagram.com/p/C7NO8VVt-Pc/ | H106: Av. Fondo de la Legua 389 | I106: https://www.google.com/maps/search/?api=1&query=De%20Barrio%20Bodegon%2C%20Av.%20Fondo%20de%20la%20Legua%20389%2C%20San%20Isidro%2C%20Provincia%20de%20Buenos%20Aires%2C%20Argentina | J106: Av. Fondo de la Legua 389, San Isidro, Provincia de Buenos Aires, Argentina
B107: Bodegon | C107: Bodegon | D107: Don Felipe | E107: CABA | F107: Villa del Parque | G107: https://www.instagram.com/p/C7AQyOIvQQ8/ | H107: Av. Nazca 2701 | I107: https://www.google.com/maps/search/?api=1&query=Don%20Felipe%2C%20Av.%20Nazca%202701%2C%20Villa%20del%20Parque%2C%20CABA%2C%20Argentina | J107: Av. Nazca 2701, Villa del Parque, Ciudad Autonoma de Buenos Aires, Argentina
B108: Bodegon | C108: Bodegon | D108: Sucre | E108: CABA | F108: Nuñez | G108: https://www.instagram.com/p/C7DHrByMhb7/ | H108: Sucre 676 | I108: https://www.google.com/maps/search/?api=1&query=Sucre%2C%20Sucre%20676%2C%20Nu%C3%B1ez%2C%20CABA%2C%20Argentina | J108: Sucre 676, Nuñez, Ciudad Autonoma de Buenos Aires, Argentina
B109: Bodegon | C109: Bodegon | D109: Chill Garden | E109: CABA | F109: Caballito | G109: https://www.instagram.com/p/C7C2VHsqcX-/ | H109: Pujol 953 | I109: https://www.google.com/maps/search/?api=1&query=Chill%20Garden%2C%20Pujol%20953%2C%20Caballito%2C%20CABA%2C%20Argentina | J109: Pujol 953, Caballito, Ciudad Autonoma de Buenos Aires, Argentina
B110: Bodegon | C110: Bodegon | D110: 8 esquinas | E110: CABA | F110: Villa Ortuzar | G110: https://www.instagram.com/p/C6e1rQ_O7Kb/ | H110: Av. Forest 1186 | I110: https://www.google.com/maps/search/?api=1&query=8%20esquinas%2C%20Av.%20Forest%201186%2C%20Villa%20Ortuzar%2C%20CABA%2C%20Argentina | J110: Av. Forest 1186, Villa Ortuzar, Ciudad Autonoma de Buenos Aires, Argentina
B111: Bodegon | C111: Bodegon | D111: 29Noventa | E111: CABA | F111: Belgrano | G111: https://www.instagram.com/p/C6meb8mPiAY/ | H111: Echeverria 2990 | I111: https://www.google.com/maps/search/?api=1&query=29Noventa%2C%20Echeverria%202990%2C%20Belgrano%2C%20CABA%2C%20Argentina | J111: Echeverria 2990, Belgrano, Ciudad Autonoma de Buenos Aires, Argentina
B112: Cafeteria | C112: Cafeteria | D112: Casa Tsuji | E112: CABA | F112: Palermo | G112: https://www.instagram.com/p/C6Cvhi9N7Uu/ | H112: Armenia 1455 | I112: https://www.google.com/maps/search/?api=1&query=Casa%20Tsuji%2C%20Armenia%201455%2C%20Palermo%2C%20CABA%2C%20Argentina | J112: Armenia 1455, Palermo, Ciudad Autonoma de Buenos Aires, Argentina | L112: Cafeteria Japonesa
B113: Cafeteria | C113: Cafeteria | D113: Abuela 22 | E113: CABA | F113: Palermo | G113: https://www.instagram.com/p/C6FLPIKMyHf/ | H113: Soldado de la Independencia 725 | I113: https://www.google.com/maps/search/?api=1&query=Abuela%2022%2C%20Soldado%20de%20la%20Independencia%20725%2C%20Palermo%2C%20CABA%2C%20Argentina | J113: Soldado de la Independencia 725, Palermo, Ciudad Autonoma de Buenos Aires, Argentina | L113: churros y tortas fritas
B114: Cafeteria | C114: Cafeteria | D114: Sicilia | E114: CABA | F114: Villa Crespo | G114: https://www.instagram.com/p/C5zbru_Nsad/ | H114: Dr. Luis Belaustegui 700 | I114: https://www.google.com/maps/search/?api=1&query=Sicilia%2C%20Dr.%20Luis%20Belaustegui%20700%2C%20Villa%20Crespo%2C%20CABA%2C%20Argentina | J114: Dr. Luis Belaustegui 700, Villa Crespo, Ciudad Autonoma de Buenos Aires, Argentina
B115: Cafeteria | C115: Cafeteria | D115: Buo Café | E115: CABA | F115: Belgrano | G115: https://www.instagram.com/p/C6lspQ_LN-l/ | H115: Virrey Aviles 2712 | I115: https://www.google.com/maps/search/?api=1&query=Buo%20Caf%C3%A9%2C%20Virrey%20Aviles%202712%2C%20Belgrano%2C%20CABA%2C%20Argentina | J115: Virrey Aviles 2712, Belgrano, Ciudad Autonoma de Buenos Aires, Argentina
B116: Cafeteria | C116: Cafeteria | D116: Slava Tea Room | E116: CABA | F116: Villa Urquiza | G116: https://www.instagram.com/p/C4et5PNNHI8/ | H116: Pacheco 2100 | I116: https://www.google.com/maps/search/?api=1&query=Slava%20Tea%20Room%2C%20Pacheco%202100%2C%20Villa%20Urquiza%2C%20CABA%2C%20Argentina | J116: Pacheco 2100, Villa Urquiza, Ciudad Autonoma de Buenos Aires, Argentina
B117: Cafeteria | C117: Cafeteria | D117: Mucho | E117: CABA | F117: Coghlan | G117: https://www.instagram.com/p/C6Mu2xJPOht/ | H117: Conesa 2686 | I117: https://www.google.com/maps/search/?api=1&query=Mucho%2C%20Conesa%202686%2C%20Coghlan%2C%20CABA%2C%20Argentina | J117: Conesa 2686, Coghlan, Ciudad Autonoma de Buenos Aires, Argentina
B118: Cafeteria | C118: Cafeteria | D118: The Shelter Coffe | E118: CABA | F118: Once | G118: https://www.instagram.com/p/C6wag09uWQF/| | H118: Uriburu 353 | I118: https://www.google.com/maps/search/?api=1&query=The%20Shelter%20Coffe%2C%20Uriburu%20353%2C%20Once%2C%20CABA%2C%20Argentina | J118: Uriburu 353, Once, Ciudad Autonoma de Buenos Aires, Argentina
B119: Cafeteria | C119: Cafeteria | D119: Hobby | E119: CABA | F119: Chacarita | G119: https://www.instagram.com/p/C7U2mYmPnJd/ | H119: Guevara 91 | I119: https://www.google.com/maps/search/?api=1&query=Hobby%20%2C%20Guevara%2091%2C%20Chacarita%2C%20CABA%2C%20Argentina | J119: Guevara 91, Chacarita, Ciudad Autonoma de Buenos Aires, Argentina
B120: Cafeteria | C120: Cafeteria | D120: Elsa | E120: CABA | F120: Palermo | G120: https://www.instagram.com/p/C744Dc1vDnj/ | H120: El Salvador 5749 | I120: https://www.google.com/maps/search/?api=1&query=Elsa%2C%20El%20Salvador%205749%2C%20Palermo%2C%20CABA%2C%20Argentina | J120: El Salvador 5749, Palermo, Ciudad Autonoma de Buenos Aires, Argentina
B121: Cafeteria | C121: Cafeteria | D121: Afines | E121: GBA | F121: Tigre | G121: https://www.instagram.com/p/C8sg9r2Jdv3/ | H121: Av. Liniers 1829 | I121: https://www.google.com/maps/search/?api=1&query=Afines%2C%20Av.%20Liniers%201829%2C%20Tigre%2C%20Provincia%20de%20Buenos%20Aires%2C%20Argentina | J121: Av. Liniers 1829, Tigre, Provincia de Buenos Aires, Argentina
B122: Cafeteria | C122: Cafeteria | D122: Enitma | E122: CABA | F122: Recoleta | G122: https://www.instagram.com/p/C67ZR45tW53/ | H122: Arenales 2630 | I122: https://www.google.com/maps/search/?api=1&query=Enitma%2C%20Arenales%202630%2C%20Recoleta%2C%20CABA%2C%20Argentina | J122: Arenales 2630, Recoleta, Ciudad Autonoma de Buenos Aires, Argentina
...

Sheet Hoja2
B10: Nombre | C10: Direccion | D10: Link Mapa | E10: Video | F10: Visitada | G10: Comentarios
B11: 1810 | C11: Mendeza 2320 | D11: https://www.google.com/maps/search/?api=1&query=1810%2C%20Mendeza%202320%2C%20Belgrano%2C%20CABA%2C%20Argentina | E11: https://www.instagram.com/p/CsmxixBNmkx/ | F11: (en blanco) | G11: (en blanco)
B12: 29Noventa | C12: Echeverria 2990 | D12: https://www.google.com/maps/search/?api=1&query=29Noventa%2C%20Echeverria%202990%2C%20Belgrano%2C%20CABA%2C%20Argentina | E12: https://www.instagram.com/p/C6meb8mPiAY/ | F12: (en blanco) | G12: (en blanco)
B13: 8 esquinas | C13: Av. Forest 1186 | D13: https://www.google.com/maps/search/?api=1&query=8%20esquinas%2C%20Av.%20Forest%201186%2C%20Villa%20Ortuzar%2C%20CABA%2C%20Argentina | E13: https://www.instagram.com/p/C6e1rQ_O7Kb/ | F13: (en blanco) | G13: (en blanco)
B14: A Raja Cincha | C14: Cuenca 1299 | D14: https://www.google.com/maps/search/?api=1&query=A%20Raja%20Cincha%2C%20Cuenca%201299%2C%20Floresta%2C%20CABA%2C%20Argentina | E14: https://www.instagram.com/p/CgAiKAJAeyL/ | F14: (en blanco) | G14: (en blanco)
B15: Abuela 22 | C15: Darregueyra 2218 | D15: https://www.google.com/maps/search/?api=1&query=Abuela%2022%2C%20Darregueyra%202218%2C%20Palermo%2C%20CABA%2C%20Argentina | E15: https://www.instagram.com/p/DDF8yCPhth_/ | F15: (en blanco) | G15: (en blanco)
B16: Adelmo | C16: Av. Dardo Rocha 1734 | D16: https://www.google.com/maps/search/?api=1&query=Adelmo%2C%20Av.%20Dardo%20Rocha%201734%2C%20San%20Isidro%2C%20Provincia%20de%20Buenos%20Aires%2C%20Argentina | E16: https://www.instagram.com/p/DBFK6KqOkBE/ | F16: (en blanco) | G16: (en blanco)
B17: Ahora | C17: Nuñez 3802 | D17: https://www.google.com/maps/search/?api=1&query=Ahora%2C%20Nu%C3%B1ez%203802%2C%20Nu%C3%B1ez%2C%20CABA%2C%20Argentina | E17: https://www.instagram.com/p/DC2i9iaJvUp/ | F17: (en blanco) | G17: (en blanco)
B18: Albamonte | C18: Av. Corrientes 6735 | D18: https://www.google.com/maps/search/?api=1&query=Albamonte%2C%20Av.%20Corrientes%206735%2C%20Chacarita%2C%20CABA%2C%20Argentina | E18: https://www.instagram.com/p/Cd6tAFPlA4h/ | F18: (en blanco) | G18: (en blanco)
B19: Artigas | C19: Gral. Jose Gervasio Artigas 5800 | D19: https://www.google.com/maps/search/?api=1&query=Artigas%2C%20Gral.%20Jose%20Gervasio%20Artigas%205800%2C%20Villa%20Pueyrredon%2C%20CABA%2C%20Argentina | E19: https://www.instagram.com/p/DNLOsypOf3D/ | F19: (en blanco) | G19: (en blanco)
B20: Austria | C20: Roque Saenz Peña 1138 | D20: https://www.google.com/maps/search/?api=1&query=Austria%2C%20Roque%20Saenz%20Pe%C3%B1a%201138%2C%20San%20Isidro%2C%20Provincia%20de%20Buenos%20Aires%2C%20Argentina | E20: https://www.instagram.com/p/ClSAGscJp_T/ | F20: (en blanco) | G20: (en blanco)
B21: Babieca | C21: Av. Santa Fe 1898 | D21: https://www.google.com/maps/search/?api=1&query=Babieca%2C%20Av.%20Santa%20Fe%201898%2C%20Centro%2C%20CABA%2C%20Argentina | E21: https://www.instagram.com/p/DQF6AvUEn5N/ | F21: (en blanco) | G21: (en blanco)
B22: Bar La Querencia | C22: Palpa 2383 | D22: https://www.google.com/maps/search/?api=1&query=Bar%20La%20Querencia%2C%20Palpa%202383%2C%20Belgrano%2C%20CABA%2C%20Argentina | E22: https://www.instagram.com/p/DOQ3qFnjeUc/ | F22: (en blanco) | G22: (en blanco)
B23: Barcelona Asturias | C23: Av. Cordoba 5899 | D23: https://www.google.com/maps/search/?api=1&query=Barcelona%20Asturias%2C%20Av.%20Cordoba%205899%2C%20Palermo%2C%20CABA%2C%20Argentina | E23: https://www.instagram.com/p/C9ySIF-tqjz/ | F23: (en blanco) | G23: (en blanco)
... B119: Viejo Norton | C119: Miguel de Azcuenaga 900 | D119: https://www.google.com/maps/search/?api=1&query=Viejo%20Norton%2C%20Miguel%20de%20Azcuenaga%20900%2C%20Vicente%20Lopez%2C%20Provincia%20de%20Buenos%20Aires%2C%20Argentina | E119: https://www.instagram.com/p/DPzkFnTEbGl/ | F119: (en blanco) | G119: (en blanco)

Sheet Referencia
A1: Localidades GBA / Prov. de Buenos Aires
A2: Tigre
A3: Vicente Lopez
A4: Martinez
A5: San Isidro
A6: Florida
A7: Olivos
A8: Pilar
A9: Quilmes
A10: San Martin
A11: Diego Gaynor
A12: Lanus
A13: La Lucula

Sheet Mapa
A1: Nombre | B1: Categoria | C1: Barrio | D1: Direccion completa | E1: Link Mapa | F1: Video | H1: Cómo ver los 109 puntos en un mapa
A2: =Hoja1!D3 -> Casa Cuba | B2: =Hoja1!B3 -> Bodegon | C2: =Hoja1!F3 -> Belgrano | D2: =Hoja1!J3 -> Cuba 1877, Belgrano, Ciudad Autonoma de Buenos Aires, Argentina | E2: https://www.google.com/maps/search/?api=1&query=Casa%20Cuba%2C%20Cuba%201877%2C%20Belgrano%2C%20CABA%2C%20Argentina | F2: https://www.instagram.com/p/Dcrl0znt4_u/ | H2: OPCIÓN A — Mapa 3D de Excel (interactivo, dentro de Excel)
A3: =Hoja1!D4 -> Burdo | B3: =Hoja1!B4 -> Bodegon | C3: =Hoja1!F4 -> Colegiales | D3: =Hoja1!J4 -> Delgado 1199, Colegiales, Ciudad Autonoma de Buenos Aires, Argentina | E3: https://www.google.com/maps/search/?api=1&query=Burdo%2C%20Delgado%201199%2C%20Colegiales%2C%20CABA%2C%20Argentina | F3: https://www.instagram.com/p/DccKNw2OHoY/ | H3: 1) Hacé clic en cualquier celda de la tabla 'Lugares'. 2) Insertar → Mapa 3D → Abrir Mapas 3D. 3) En Ubicación elegí 'Direccion completa' y marcala como 'Dirección completa'. 4) Categoría → 'Categoria' o 'Barrio' para colorear los pines.
A4: =Hoja1!D5 -> La Escuela | B4: =Hoja1!B5 -> Bodegon | C4: =Hoja1!F5 -> Saavedra | D4: =Hoja1!J5 -> Manuela Pedraza 2803, Saavedra, Ciudad Autonoma de Buenos Aires, Argentina | E4: https://www.google.com/maps/search/?api=1&query=La%20Escuela%2C%20Manuela%20Pedraza%202803%2C%20Saavedra%2C%20CABA%2C%20Argentina | F4: https://www.instagram.com/p/DcJLAs7NTN7/ | H4: OPCIÓN B — Google My Maps (interactivo, se comparte por celular)
A5: =Hoja1!D6 -> Cantina Mandia | B5: =Hoja1!B6 -> Bodegon | C5: =Hoja1!F6 -> Colegiales | D5: =Hoja1!J6 -> Zapiola 1218, Colegiales, Ciudad Autonoma de Buenos Aires, Argentina | E5: https://www.google.com/maps/search/?api=1&query=Cantina%20Mandia%2C%20Zapiola%201218%2C%20Colegiales%2C%20CABA%2C%20Argentina | F5: https://www.instagram.com/p/DcCPkO3TdK4/ | H5: 1) Entrá a mymaps.google.com → Crear un mapa nuevo. 2) Importar → subí este archivo (o copiá A1:F110 a un CSV). 3) Columna de posición: 'Direccion completa'. 4) Título de los marcadores: 'Nombre'. Los links de Maps y de Instagram quedan en la ficha de cada punto.
A6: =Hoja1!D7 -> Somos Asado | B6: =Hoja1!B7 -> Bodegon | C6: =Hoja1!F7 -> Villa Crespo | D6: =Hoja1!J7 -> Av. Scalabrini Ortiz 651, Villa Crespo, Ciudad Autonoma de Buenos Aires, Argentina | E6: https://www.google.com/maps/search/?api=1&query=Somos%20Asado%2C%20Av.%20Scalabrini%20Ortiz%20651%2C%20Villa%20Crespo%2C%20CABA%2C%20Argentina | F6: https://www.instagram.com/p/Db_vglEp-xj/ | H6: Nota: las columnas A a D son fórmulas que se actualizan solas desde Hoja1. Las columnas E y F son texto fijo copiado de Hoja1 (Excel no permite hipervínculos clickeables sobre una fórmula).
A7: =Hoja1!D8 -> Laserio Cantina | B7: =Hoja1!B8 -> Bodegon | C7: =Hoja1!F8 -> Devoto | D7: =Hoja1!J8 -> Mosconi 3906, Devoto, Ciudad Autonoma de Buenos Aires, Argentina | E7: https://www.google.com/maps/search/?api=1&query=Laserio%20Cantina%2C%20Mosconi%203906%2C%20Devoto%2C%20CABA%2C%20Argentina | F7: https://www.instagram.com/p/DbrOs5xOxDc/
A8: =Hoja1!D9 -> Tinte Atelier de pasta | B8: =Hoja1!B9 -> Bodegon | C8: =Hoja1!F9 -> Villa Crespo | D8: =Hoja1!J9 -> Castillo 997, Villa Crespo, Ciudad Autonoma de Buenos Aires, Argentina | E8: https://www.google.com/maps/search/?api=1&query=Tinte%20Atelier%20de%20pasta%2C%20Castillo%20997%2C%20Villa%20Crespo%2C%20CABA%2C%20Argentina | F8: https://www.instagram.com/p/DatqytBxIVR/
A9: =Hoja1!D10 -> Rioba | B9: =Hoja1!B10 -> Bodegon | C9: =Hoja1!F10 -> Palermo | D9: =Hoja1!J10 -> Costa Rica 4588, Palermo, Ciudad Autonoma de Buenos Aires, Argentina | E9: https://www.google.com/maps/search/?api=1&query=Rioba%2C%20Costa%20Rica%204588%2C%20Palermo%2C%20CABA%2C%20Argentina | F9: https://www.instagram.com/p/DaRWCBzRStd/
A10: =Hoja1!D11 -> Ovidio | B10: =Hoja1!B11 -> Bodegon | C10: =Hoja1!F11 -> Belgrano | D10: =Hoja1!J11 -> Jose Hernandez 2345, Belgrano, Ciudad Autonoma de Buenos Aires, Argentina | E10: https://www.google.com/maps/search/?api=1&query=Ovidio%2C%20Jose%20Hernandez%202345%2C%20Belgrano%2C%20CABA%2C%20Argentina | F10: https://www.instagram.com/p/DYnaFAQPTBO/
A11: =Hoja1!D12 -> Rondinella | B11: =Hoja1!B12 -> Bodegon | C11: =Hoja1!F12 -> Chacarita | D11: =Hoja1!J12 -> Av. Alvarez thomas 12, Chacarita, Ciudad Autonoma de Buenos Aires, Argentina | E11: https://www.google.com/maps/search/?api=1&query=Rondinella%2C%20Av.%20Alvarez%20thomas%2012%2C%20Chacarita%2C%20CABA%2C%20Argentina | F11: https://www.instagram.com/p/DGLib_9Rou4/
A12: =Hoja1!D13 -> GEVP | B12: =Hoja1!B13 -> Bodegon | C12: =Hoja1!F13 -> Villa del Parque | D12: =Hoja1!J13 -> Tinogaste 3455, Villa del Parque, Ciudad Autonoma de Buenos Aires, Argentina | E12: https://www.google.com/maps/search/?api=1&query=GEVP%2C%20Tinogaste%203455%2C%20Villa%20del%20Parque%2C%20CABA%2C%20Argentina | F12: https://www.instagram.com/reel/DTStg6GjYtH/
A13: =Hoja1!D14 -> La Tia Ñata | B13: =Hoja1!B14 -> Bodegon | C13: =Hoja1!F14 -> Tigre | D13: =Hoja1!J14 -> Las Heras 1318, Dique Lujan, Tigre, Provincia de Buenos Aires, Argentina | E13: https://www.google.com/maps/search/?api=1&query=La%20Tia%20%C3%91ata%2C%20Las%20Heras%201318%2C%20Dique%20Lujan%2C%20Tigre%2C%20Provincia%20de%20Buenos%20Aires%2C%20Argentina | F13: https://www.instagram.com/p/DYKu3q0T0Rj/
A14: =Hoja1!D15 -> La Despensa de Aurora | B14: =Hoja1!B15 -> Bodegon | C14: =Hoja1!F15 -> Devoto | D14: =Hoja1!J15 -> Griveo 3501, Devoto, Ciudad Autonoma de Buenos Aires, Argentina | E14: https://www.google.com/maps/search/?api=1&query=La%20Despensa%20de%20Aurora%2C%20Griveo%203501%2C%20Devoto%2C%20CABA%2C%20Argentina | F14: https://www.instagram.com/p/DYF-3OkRmVN/
A15: =Hoja1!D16 -> Lo de Fito | B15: =Hoja1!B16 -> Bodegon | C15: =Hoja1!F16 -> Devoto | D15: =Hoja1!J16 -> Mercedes 4280, Devoto, Ciudad Autonoma de Buenos Aires, Argentina | E15: https://www.google.com/maps/search/?api=1&query=Lo%20de%20Fito%2C%20Mercedes%204280%2C%20Devoto%2C%20CABA%2C%20Argentina | F15: https://www.instagram.com/p/DXfhmHpDY3m/
A16: =Hoja1!D17 -> The New Brighton | B16: =Hoja1!B17 -> Bodegon | C16: =Hoja1!F17 -> Retiro | D16: =Hoja1!J17 -> Sarmiento 645, Retiro, Ciudad Autonoma de Buenos Aires, Argentina | E16: https://www.google.com/maps/search/?api=1&query=The%20New%20Brighton%2C%20Sarmiento%20645%2C%20Retiro%2C%20CABA%2C%20Argentina | F16: https://www.instagram.com/p/DWXIT32xDqx/
A17: =Hoja1!D18 -> Lalin | B17: =Hoja1!B18 -> Bodegon | C17: =Hoja1!F18 -> Monserrat | D17: =Hoja1!J18 -> Moreno 1949, Monserrat, Ciudad Autonoma de Buenos Aires, Argentina | E17: https://www.google.com/maps/search/?api=1&query=Lalin%2C%20Moreno%201949%2C%20Monserrat%2C%20CABA%2C%20Argentina | F17: https://www.instagram.com/p/DWVAqVoRcgP/
A18: =Hoja1!D19 -> Casa Albardon | B18: =Hoja1!B19 -> Bodegon | C18: =Hoja1!F19 -> Tigre | D18: =Hoja1!J19 -> Luis Pereyra 2, Tigre, Provincia de Buenos Aires, Argentina | E18: https://www.google.com/maps/search/?api=1&query=Casa%20Albardon%2C%20Luis%20Pereyra%202%2C%20Tigre%2C%20Provincia%20de%20Buenos%20Aires%2C%20Argentina | F18: https://www.instagram.com/p/DV3sSQijbB6/
... A110: =Hoja1!D111 -> 29Noventa | B110: =Hoja1!B111 -> Bodegon | C110: =Hoja1!F111 -> Belgrano | D110: =Hoja1!J111 -> Echeverria 2990, Belgrano, Ciudad Autonoma de Buenos Aires, Argentina | E110: https://www.google.com/maps/search/?api=1&query=29Noventa%2C%20Echeverria%202990%2C%20Belgrano%2C%20CABA%2C%20Argentina | F110: https://www.instagram.com/p/C6meb8mPiAY/
